{
  "RandomForest": {
    "backdoor": {
      "precision": 1.0,
      "recall": 1.0,
      "f1-score": 1.0,
      "support": 3742.0
    },
    "ddos": {
      "precision": 0.9937390433258202,
      "recall": 0.9922480620155039,
      "f1-score": 0.992992992992993,
      "support": 3999.0
    },
    "dos": {
      "precision": 0.9944605644948562,
      "recall": 0.9926276987888363,
      "f1-score": 0.9935432863354856,
      "support": 3798.0
    },
    "injection": {
      "precision": 0.9875187219171243,
      "recall": 0.9907337841222139,
      "f1-score": 0.9891236404550569,
      "support": 3993.0
    },
    "mitm": {
      "precision": 0.926829268292683,
      "recall": 0.9134615384615384,
      "f1-score": 0.9200968523002422,
      "support": 208.0
    },
    "normal": {
      "precision": 1.0,
      "recall": 1.0,
      "f1-score": 1.0,
      "support": 8404.0
    },
    "password": {
      "precision": 0.9969735182849937,
      "recall": 0.9952165156092648,
      "f1-score": 0.9960942421569863,
      "support": 3972.0
    },
    "ransomware": {
      "precision": 1.0,
      "recall": 1.0,
      "f1-score": 1.0,
      "support": 2947.0
    },
    "scanning": {
      "precision": 0.9925131020713751,
      "recall": 0.99425,
      "f1-score": 0.9933807918071688,
      "support": 4000.0
    },
    "xss": {
      "precision": 0.999010227647641,
      "recall": 1.0,
      "f1-score": 0.9995048687902294,
      "support": 3028.0
    },
    "accuracy": 0.9959045443805623,
    "macro avg": {
      "precision": 0.9891044446034494,
      "recall": 0.9878537598997357,
      "f1-score": 0.9884736674838163,
      "support": 38091.0
    },
    "weighted avg": {
      "precision": 0.9959019347053615,
      "recall": 0.9959045443805623,
      "f1-score": 0.9959023775135776,
      "support": 38091.0
    }
  }
}